{"type":"Ljavax/swing/event/TreeModelEvent","calls":[{"id":"Ljavax/swing/event/TreeModelEvent.\u003cinit\u003e(Ljava/lang/Object;Ljavax/swing/tree/TreePath;)V","count":39},{"id":"Ljavax/swing/event/TreeModelEvent.\u003cinit\u003e(Ljava/lang/Object;[Ljava/lang/Object;[I[Ljava/lang/Object;)V","count":27},{"id":"Ljavax/swing/event/TreeModelEvent.\u003cinit\u003e(Ljava/lang/Object;Ljavax/swing/tree/TreePath;[I[Ljava/lang/Object;)V","count":163},{"id":"Ljavax/swing/event/TreeModelEvent.\u003cinit\u003e(Ljava/lang/Object;[Ljava/lang/Object;)V","count":23}]}