{"type":"Ljavax/swing/ImageIcon","calls":[{"id":"Ljavax/swing/ImageIcon.\u003cinit\u003e(Ljava/awt/Image;)V","count":727},{"id":"Ljavax/swing/ImageIcon.\u003cinit\u003e(Ljava/net/URL;Ljava/lang/String;)V","count":57},{"id":"Ljavax/swing/ImageIcon.\u003cinit\u003e(Ljava/net/URL;)V","count":2453},{"id":"Ljavax/swing/ImageIcon.\u003cinit\u003e(Ljava/lang/String;)V","count":23},{"id":"Ljavax/swing/ImageIcon.\u003cinit\u003e([B)V","count":31},{"id":"Ljavax/swing/ImageIcon.\u003cinit\u003e(Ljava/awt/Image;Ljava/lang/String;)V","count":18},{"id":"Ljavax/swing/ImageIcon.\u003cinit\u003e()V","count":24},{"id":"Ljavax/swing/ImageIcon.\u003cinit\u003e(Ljava/lang/String;Ljava/lang/String;)V","count":3}]}