{"type":"Ljavax/swing/JRadioButtonMenuItem","calls":[{"id":"Ljavax/swing/JRadioButtonMenuItem.\u003cinit\u003e(Ljava/lang/String;Z)V","count":46},{"id":"Ljavax/swing/JRadioButtonMenuItem.\u003cinit\u003e(Ljava/lang/String;Ljavax/swing/Icon;Z)V","count":12},{"id":"Ljavax/swing/JRadioButtonMenuItem.\u003cinit\u003e()V","count":31},{"id":"Ljavax/swing/JRadioButtonMenuItem.\u003cinit\u003e(Ljavax/swing/Action;)V","count":67},{"id":"Ljavax/swing/JRadioButtonMenuItem.\u003cinit\u003e(Ljava/lang/String;)V","count":261}]}