{"type":"Ljavax/swing/JTextField","calls":[{"id":"Ljavax/swing/JTextField.\u003cinit\u003e(Ljava/lang/String;I)V","count":212},{"id":"Ljavax/swing/JTextField.\u003cinit\u003e(Ljavax/swing/text/Document;Ljava/lang/String;I)V","count":75},{"id":"Ljavax/swing/JTextField.\u003cinit\u003e()V","count":1145},{"id":"Ljavax/swing/JPasswordField.\u003cinit\u003e()V","count":1},{"id":"Ljavax/swing/JTextField.\u003cinit\u003e(I)V","count":515},{"id":"Ljavax/swing/JTextField.\u003cinit\u003e(Ljava/lang/String;)V","count":223},{"id":"Ljavax/swing/JFormattedTextField.\u003cinit\u003e()V","count":1}]}