{"type":"Ljava/awt/dnd/DropTarget","calls":[{"id":"Ljava/awt/dnd/DropTarget.\u003cinit\u003e(Ljava/awt/Component;ILjava/awt/dnd/DropTargetListener;Z)V","count":4},{"id":"Ljava/awt/dnd/DropTarget.\u003cinit\u003e(Ljava/awt/Component;ILjava/awt/dnd/DropTargetListener;ZLjava/awt/datatransfer/FlavorMap;)V","count":2},{"id":"Ljava/awt/dnd/DropTarget.\u003cinit\u003e()V","count":16},{"id":"Ljava/awt/dnd/DropTarget.\u003cinit\u003e(Ljava/awt/Component;Ljava/awt/dnd/DropTargetListener;)V","count":114},{"id":"Ljava/awt/dnd/DropTarget.\u003cinit\u003e(Ljava/awt/Component;ILjava/awt/dnd/DropTargetListener;)V","count":28}]}