{"type":"Lorg/xml/sax/SAXParseException","calls":[{"id":"Lorg/xml/sax/SAXParseException.\u003cinit\u003e(Ljava/lang/String;Ljava/lang/String;Ljava/lang/String;II)V","count":69},{"id":"Lorg/xml/sax/SAXParseException.\u003cinit\u003e(Ljava/lang/String;Lorg/xml/sax/Locator;)V","count":3784},{"id":"Lorg/xml/sax/SAXParseException.\u003cinit\u003e(Ljava/lang/String;Ljava/lang/String;Ljava/lang/String;IILjava/lang/Exception;)V","count":373},{"id":"Lorg/xml/sax/SAXParseException.\u003cinit\u003e(Ljava/lang/String;Lorg/xml/sax/Locator;Ljava/lang/Exception;)V","count":1082}]}