{"type":"Ljava/io/InputStream","calls":[{"id":"Ljava/io/FileInputStream.\u003cinit\u003e(Ljava/lang/String;)V","count":15},{"id":"Ljava/io/StringBufferInputStream.\u003cinit\u003e(Ljava/lang/String;)V","count":2},{"id":"Ljava/io/SequenceInputStream.\u003cinit\u003e(Ljava/io/InputStream;Ljava/io/InputStream;)V","count":1},{"id":"Ljava/util/zip/GZIPInputStream.\u003cinit\u003e(Ljava/io/InputStream;)V","count":6},{"id":"Ljava/io/ByteArrayInputStream.\u003cinit\u003e([B)V","count":54},{"id":"Ljava/io/BufferedInputStream.\u003cinit\u003e(Ljava/io/InputStream;I)V","count":1},{"id":"Ljava/io/BufferedInputStream.\u003cinit\u003e(Ljava/io/InputStream;)V","count":18},{"id":"Ljava/io/FileInputStream.\u003cinit\u003e(Ljava/io/File;)V","count":113}]}