{"type":"Ljava/io/OutputStream","calls":[{"id":"Ljava/io/ByteArrayOutputStream.\u003cinit\u003e(I)V","count":2},{"id":"Ljava/io/DataOutputStream.\u003cinit\u003e(Ljava/io/OutputStream;)V","count":1},{"id":"Ljava/io/BufferedOutputStream.\u003cinit\u003e(Ljava/io/OutputStream;)V","count":12},{"id":"Ljava/io/FileOutputStream.\u003cinit\u003e(Ljava/io/File;)V","count":70},{"id":"Ljava/io/ByteArrayOutputStream.\u003cinit\u003e()V","count":15},{"id":"Ljava/util/zip/GZIPOutputStream.\u003cinit\u003e(Ljava/io/OutputStream;)V","count":2},{"id":"Ljava/io/FileOutputStream.\u003cinit\u003e(Ljava/lang/String;)V","count":6},{"id":"Ljava/io/FileOutputStream.\u003cinit\u003e(Ljava/io/FileDescriptor;)V","count":1}]}