{"type":"Ljava/io/Writer","calls":[{"id":"Ljava/io/FileWriter.\u003cinit\u003e(Ljava/lang/String;)V","count":2},{"id":"Ljava/io/PipedWriter.\u003cinit\u003e(Ljava/io/PipedReader;)V","count":1},{"id":"Ljava/io/OutputStreamWriter.\u003cinit\u003e(Ljava/io/OutputStream;Ljava/nio/charset/Charset;)V","count":2},{"id":"Ljava/io/FileWriter.\u003cinit\u003e(Ljava/io/File;)V","count":50},{"id":"Ljava/io/OutputStreamWriter.\u003cinit\u003e(Ljava/io/OutputStream;)V","count":19},{"id":"Ljava/io/FileWriter.\u003cinit\u003e(Ljava/io/File;Z)V","count":4},{"id":"Ljava/io/FileWriter.\u003cinit\u003e(Ljava/lang/String;Z)V","count":1},{"id":"Ljava/io/BufferedWriter.\u003cinit\u003e(Ljava/io/Writer;)V","count":12},{"id":"Ljava/io/PrintWriter.\u003cinit\u003e(Ljava/io/OutputStream;)V","count":5},{"id":"Ljava/io/StringWriter.\u003cinit\u003e()V","count":9}]}