{"type":"Ljavax/swing/table/DefaultTableModel","calls":[{"id":"Ljavax/swing/table/DefaultTableModel.\u003cinit\u003e([Ljava/lang/Object;I)V","count":132},{"id":"Ljavax/swing/table/DefaultTableModel.\u003cinit\u003e([[Ljava/lang/Object;[Ljava/lang/Object;)V","count":9},{"id":"Ljavax/swing/table/DefaultTableModel.\u003cinit\u003e()V","count":35},{"id":"Ljavax/swing/table/DefaultTableModel.\u003cinit\u003e(II)V","count":1},{"id":"Ljavax/swing/table/DefaultTableModel.\u003cinit\u003e(Ljava/util/Vector;I)V","count":1}]}