{"type":"Ljava/net/Socket","calls":[{"id":"Ljava/net/Socket.\u003cinit\u003e(Ljava/lang/String;I)V","count":1135},{"id":"Ljava/net/Socket.\u003cinit\u003e(Ljava/net/InetAddress;I)V","count":334},{"id":"Ljava/net/Socket.\u003cinit\u003e()V","count":375},{"id":"Ljava/net/Socket.\u003cinit\u003e(Ljava/net/Proxy;)V","count":50},{"id":"Ljava/net/Socket.\u003cinit\u003e(Ljava/lang/String;ILjava/net/InetAddress;I)V","count":93},{"id":"Ljava/net/Socket.\u003cinit\u003e(Ljava/net/InetAddress;ILjava/net/InetAddress;I)V","count":54}]}