{"type":"Ljava/net/URI","calls":[{"id":"Ljava/net/URI.\u003cinit\u003e(Ljava/lang/String;Ljava/lang/String;Ljava/lang/String;Ljava/lang/String;Ljava/lang/String;)V","count":115},{"id":"Ljava/net/URI.\u003cinit\u003e(Ljava/lang/String;)V","count":5430},{"id":"Ljava/net/URI.\u003cinit\u003e(Ljava/lang/String;Ljava/lang/String;Ljava/lang/String;Ljava/lang/String;)V","count":101},{"id":"Ljava/net/URI.\u003cinit\u003e(Ljava/lang/String;Ljava/lang/String;Ljava/lang/String;ILjava/lang/String;Ljava/lang/String;Ljava/lang/String;)V","count":201},{"id":"Ljava/net/URI.\u003cinit\u003e(Ljava/lang/String;Ljava/lang/String;Ljava/lang/String;)V","count":142}]}