{"type":"Ljava/net/URL","calls":[{"id":"Ljava/net/URL.\u003cinit\u003e(Ljava/lang/String;Ljava/lang/String;Ljava/lang/String;)V","count":527},{"id":"Ljava/net/URL.\u003cinit\u003e(Ljava/lang/String;)V","count":13597},{"id":"Ljava/net/URL.\u003cinit\u003e(Ljava/lang/String;Ljava/lang/String;ILjava/lang/String;)V","count":672},{"id":"Ljava/net/URL.\u003cinit\u003e(Ljava/net/URL;Ljava/lang/String;)V","count":4570},{"id":"Ljava/net/URL.\u003cinit\u003e(Ljava/lang/String;Ljava/lang/String;ILjava/lang/String;Ljava/net/URLStreamHandler;)V","count":362},{"id":"Ljava/net/URL.\u003cinit\u003e(Ljava/net/URL;Ljava/lang/String;Ljava/net/URLStreamHandler;)V","count":244}]}