{"type":"Ljava/awt/FileDialog","calls":[{"id":"Ljava/awt/FileDialog.\u003cinit\u003e(Ljava/awt/Frame;Ljava/lang/String;I)V","count":98},{"id":"Ljava/awt/FileDialog.\u003cinit\u003e(Ljava/awt/Frame;Ljava/lang/String;)V","count":11},{"id":"Ljava/awt/FileDialog.\u003cinit\u003e(Ljava/awt/Dialog;Ljava/lang/String;I)V","count":12},{"id":"Ljava/awt/FileDialog.\u003cinit\u003e(Ljava/awt/Dialog;Ljava/lang/String;)V","count":1},{"id":"Ljava/awt/FileDialog.\u003cinit\u003e(Ljava/awt/Frame;)V","count":15},{"id":"Ljava/awt/FileDialog.\u003cinit\u003e(Ljava/awt/Dialog;)V","count":1}]}