{"type":"Ljava/awt/LayoutManager","calls":[{"id":"Ljava/awt/FlowLayout.\u003cinit\u003e(III)V","count":11},{"id":"Ljavax/swing/BoxLayout.\u003cinit\u003e(Ljava/awt/Container;I)V","count":37},{"id":"Ljava/awt/CardLayout.\u003cinit\u003e()V","count":2},{"id":"Ljava/awt/GridLayout.\u003cinit\u003e(II)V","count":46},{"id":"Ljava/awt/FlowLayout.\u003cinit\u003e(I)V","count":12},{"id":"Ljava/awt/GridLayout.\u003cinit\u003e(IIII)V","count":3},{"id":"Ljavax/swing/SpringLayout.\u003cinit\u003e()V","count":5},{"id":"Ljava/awt/GridLayout.\u003cinit\u003e()V","count":9},{"id":"Ljava/awt/BorderLayout.\u003cinit\u003e()V","count":91},{"id":"Ljava/awt/FlowLayout.\u003cinit\u003e()V","count":72},{"id":"Ljava/awt/GridBagLayout.\u003cinit\u003e()V","count":33}]}