{"type":"Ljava/awt/Rectangle","calls":[{"id":"Ljava/awt/Rectangle.\u003cinit\u003e(II)V","count":88},{"id":"Ljava/awt/Rectangle.\u003cinit\u003e(Ljava/awt/Point;Ljava/awt/Dimension;)V","count":49},{"id":"Ljava/awt/Rectangle.\u003cinit\u003e()V","count":719},{"id":"Ljava/awt/Rectangle.\u003cinit\u003e(IIII)V","count":4958},{"id":"Ljava/awt/Rectangle.\u003cinit\u003e(Ljava/awt/Point;)V","count":21},{"id":"Ljava/awt/Rectangle.\u003cinit\u003e(Ljava/awt/Dimension;)V","count":94},{"id":"Ljava/awt/Rectangle.\u003cinit\u003e(Ljava/awt/Rectangle;)V","count":359}]}