{"type":"Ljava/awt/geom/AffineTransform","calls":[{"id":"Ljava/awt/geom/AffineTransform.\u003cinit\u003e(Ljava/awt/geom/AffineTransform;)V","count":1026},{"id":"Ljava/awt/geom/AffineTransform.\u003cinit\u003e(FFFFFF)V","count":497},{"id":"Ljava/awt/geom/AffineTransform.\u003cinit\u003e(DDDDDD)V","count":319},{"id":"Ljava/awt/geom/AffineTransform.\u003cinit\u003e()V","count":3538},{"id":"Ljava/awt/geom/AffineTransform.\u003cinit\u003e([D)V","count":518},{"id":"Ljava/awt/geom/AffineTransform.\u003cinit\u003e([F)V","count":3}]}