{"type":"Ljavax/xml/transform/Source","calls":[{"id":"Ljavax/xml/transform/stream/StreamSource.\u003cinit\u003e(Ljava/io/File;)V","count":2},{"id":"Ljavax/xml/transform/stream/StreamSource.\u003cinit\u003e(Ljava/io/Reader;)V","count":1},{"id":"Ljavax/xml/transform/stream/StreamSource.\u003cinit\u003e(Ljava/io/InputStream;)V","count":1},{"id":"Ljavax/xml/transform/dom/DOMSource.\u003cinit\u003e(Lorg/w3c/dom/Node;)V","count":1},{"id":"Ljavax/xml/transform/sax/SAXSource.\u003cinit\u003e()V","count":1}]}