{"type":"Ljavax/xml/transform/TransformerConfigurationException","calls":[{"id":"Ljavax/xml/transform/TransformerConfigurationException.\u003cinit\u003e(Ljava/lang/String;Ljavax/xml/transform/SourceLocator;Ljava/lang/Throwable;)V","count":11},{"id":"Ljavax/xml/transform/TransformerConfigurationException.\u003cinit\u003e(Ljava/lang/String;)V","count":794},{"id":"Ljavax/xml/transform/TransformerConfigurationException.\u003cinit\u003e(Ljava/lang/Throwable;)V","count":572},{"id":"Ljavax/xml/transform/TransformerConfigurationException.\u003cinit\u003e(Ljava/lang/String;Ljava/lang/Throwable;)V","count":501}]}