{"type":"Ljava/util/concurrent/BlockingQueue","calls":[{"id":"Ljava/util/concurrent/LinkedBlockingQueue.\u003cinit\u003e()V","count":16},{"id":"Ljava/util/concurrent/LinkedBlockingDeque.\u003cinit\u003e()V","count":1},{"id":"Ljava/util/concurrent/ArrayBlockingQueue.\u003cinit\u003e(I)V","count":7},{"id":"Ljava/util/concurrent/LinkedBlockingQueue.\u003cinit\u003e(Ljava/util/Collection;)V","count":1},{"id":"Ljava/util/concurrent/LinkedBlockingDeque.\u003cinit\u003e(I)V","count":1},{"id":"Ljava/util/concurrent/ArrayBlockingQueue.\u003cinit\u003e(IZ)V","count":1}]}