{"type":"Ljavax/xml/transform/stream/StreamSource","calls":[{"id":"Ljavax/xml/transform/stream/StreamSource.\u003cinit\u003e(Ljava/io/File;)V","count":233},{"id":"Ljavax/xml/transform/stream/StreamSource.\u003cinit\u003e(Ljava/lang/String;)V","count":420},{"id":"Ljavax/xml/transform/stream/StreamSource.\u003cinit\u003e(Ljava/io/Reader;)V","count":341},{"id":"Ljavax/xml/transform/stream/StreamSource.\u003cinit\u003e(Ljava/io/Reader;Ljava/lang/String;)V","count":8},{"id":"Ljavax/xml/transform/stream/StreamSource.\u003cinit\u003e(Ljava/io/InputStream;)V","count":874},{"id":"Ljavax/xml/transform/stream/StreamSource.\u003cinit\u003e(Ljava/io/InputStream;Ljava/lang/String;)V","count":82},{"id":"Ljavax/xml/transform/stream/StreamSource.\u003cinit\u003e()V","count":31}]}